71,Route de Paulhan,34230,Usclas-d'Hérault
1,Cours National,34230,Usclas-d'Hérault
10,Cours National,34230,Usclas-d'Hérault
11,Cours National,34230,Usclas-d'Hérault
11 bis,Cours National,34230,Usclas-d'Hérault
12,Cours National,34230,Usclas-d'Hérault
13,Cours National,34230,Usclas-d'Hérault
14,Cours National,34230,Usclas-d'Hérault
15,Cours National,34230,Usclas-d'Hérault
16,Cours National,34230,Usclas-d'Hérault
1 bis,Cours National,34230,Usclas-d'Hérault
2,Cours National,34230,Usclas-d'Hérault
3,Cours National,34230,Usclas-d'Hérault
4,Cours National,34230,Usclas-d'Hérault
5,Cours National,34230,Usclas-d'Hérault
6,Cours National,34230,Usclas-d'Hérault
7,Cours National,34230,Usclas-d'Hérault
8,Cours National,34230,Usclas-d'Hérault
9,Cours National,34230,Usclas-d'Hérault
124,Chemin des Aires,34230,Usclas-d'Hérault
171,Chemin des Aires,34230,Usclas-d'Hérault
179,Chemin des Aires,34230,Usclas-d'Hérault
180,Chemin des Aires,34230,Usclas-d'Hérault
187,Chemin des Aires,34230,Usclas-d'Hérault
199,Chemin des Aires,34230,Usclas-d'Hérault
200,Chemin des Aires,34230,Usclas-d'Hérault
26,Chemin des Aires,34230,Usclas-d'Hérault
263,Chemin des Aires,34230,Usclas-d'Hérault
280,Chemin des Aires,34230,Usclas-d'Hérault
36,Chemin des Aires,34230,Usclas-d'Hérault
86,Chemin des Aires,34230,Usclas-d'Hérault
95,Chemin des Aires,34230,Usclas-d'Hérault
96,Chemin des Aires,34230,Usclas-d'Hérault
1,Rue des Aires,34230,Usclas-d'Hérault
2,Rue des Aires,34230,Usclas-d'Hérault
2 bis,Rue des Aires,34230,Usclas-d'Hérault
3,Rue des Aires,34230,Usclas-d'Hérault
4,Rue des Aires,34230,Usclas-d'Hérault
5,Rue des Aires,34230,Usclas-d'Hérault
1,Route d'Adissan,34230,Usclas-d'Hérault
113,Route d'Adissan,34230,Usclas-d'Hérault
137,Route d'Adissan,34230,Usclas-d'Hérault
152,Route d'Adissan,34230,Usclas-d'Hérault
2,Route d'Adissan,34230,Usclas-d'Hérault
20,Route d'Adissan,34230,Usclas-d'Hérault
268,Route d'Adissan,34230,Usclas-d'Hérault
3,Route d'Adissan,34230,Usclas-d'Hérault
48,Route d'Adissan,34230,Usclas-d'Hérault
5,Route d'Adissan,34230,Usclas-d'Hérault
50,Route d'Adissan,34230,Usclas-d'Hérault
51,Route d'Adissan,34230,Usclas-d'Hérault
52,Route d'Adissan,34230,Usclas-d'Hérault
55,Route d'Adissan,34230,Usclas-d'Hérault
57,Route d'Adissan,34230,Usclas-d'Hérault
59,Route d'Adissan,34230,Usclas-d'Hérault
63,Route d'Adissan,34230,Usclas-d'Hérault
73,Route d'Adissan,34230,Usclas-d'Hérault
92,Route d'Adissan,34230,Usclas-d'Hérault
94,Route d'Adissan,34230,Usclas-d'Hérault
1,Place de la Coopérative,34230,Usclas-d'Hérault
3,Place de la Coopérative,34230,Usclas-d'Hérault
5,Place de la Coopérative,34230,Usclas-d'Hérault
1,Rue du Puits Barry,34230,Usclas-d'Hérault
10,Rue du Puits Barry,34230,Usclas-d'Hérault
10 bis,Rue du Puits Barry,34230,Usclas-d'Hérault
12,Rue du Puits Barry,34230,Usclas-d'Hérault
2,Rue du Puits Barry,34230,Usclas-d'Hérault
2 bis,Rue du Puits Barry,34230,Usclas-d'Hérault
2 ter,Rue du Puits Barry,34230,Usclas-d'Hérault
3,Rue du Puits Barry,34230,Usclas-d'Hérault
4,Rue du Puits Barry,34230,Usclas-d'Hérault
5,Rue du Puits Barry,34230,Usclas-d'Hérault
6,Rue du Puits Barry,34230,Usclas-d'Hérault
7,Rue du Puits Barry,34230,Usclas-d'Hérault
7 bis,Rue du Puits Barry,34230,Usclas-d'Hérault
8,Rue du Puits Barry,34230,Usclas-d'Hérault
9,Rue du Puits Barry,34230,Usclas-d'Hérault
1,Rue de la Coopérative,34230,Usclas-d'Hérault
1 bis,Rue de la Coopérative,34230,Usclas-d'Hérault
1 quater,Rue de la Coopérative,34230,Usclas-d'Hérault
1 ter,Rue de la Coopérative,34230,Usclas-d'Hérault
2,Rue de la Coopérative,34230,Usclas-d'Hérault
3,Rue de la Coopérative,34230,Usclas-d'Hérault
4,Rue de la Coopérative,34230,Usclas-d'Hérault
1,Rue du Gué,34230,Usclas-d'Hérault
10,Rue du Gué,34230,Usclas-d'Hérault
12,Rue du Gué,34230,Usclas-d'Hérault
2,Rue du Gué,34230,Usclas-d'Hérault
3,Rue du Gué,34230,Usclas-d'Hérault
3 bis,Rue du Gué,34230,Usclas-d'Hérault
4,Rue du Gué,34230,Usclas-d'Hérault
5,Rue du Gué,34230,Usclas-d'Hérault
6,Rue du Gué,34230,Usclas-d'Hérault
8,Rue du Gué,34230,Usclas-d'Hérault
2,Rue Guiraud,34230,Usclas-d'Hérault
4,Rue Guiraud,34230,Usclas-d'Hérault
6,Rue Guiraud,34230,Usclas-d'Hérault
1,Rue de la Liberté,34230,Usclas-d'Hérault
2,Rue de la Liberté,34230,Usclas-d'Hérault
3,Rue de la Liberté,34230,Usclas-d'Hérault
4,Rue de la Liberté,34230,Usclas-d'Hérault
5,Rue de la Liberté,34230,Usclas-d'Hérault
6,Rue de la Liberté,34230,Usclas-d'Hérault
7,Rue de la Liberté,34230,Usclas-d'Hérault
7 bis,Rue de la Liberté,34230,Usclas-d'Hérault
7 ter,Rue de la Liberté,34230,Usclas-d'Hérault
9,Rue de la Liberté,34230,Usclas-d'Hérault
1,Place de la Mairie,34230,Usclas-d'Hérault
2,Place de la Mairie,34230,Usclas-d'Hérault
2 bis,Place de la Mairie,34230,Usclas-d'Hérault
3,Place de la Mairie,34230,Usclas-d'Hérault
4,Place de la Mairie,34230,Usclas-d'Hérault
5,Place de la Mairie,34230,Usclas-d'Hérault
6,Place de la Mairie,34230,Usclas-d'Hérault
8,Place de la Mairie,34230,Usclas-d'Hérault
1,Rue des Jardins,34230,Usclas-d'Hérault
42,Impasse de Font Alinière,34230,Usclas-d'Hérault
46,Impasse de Font Alinière,34230,Usclas-d'Hérault
68,Impasse de Font Alinière,34230,Usclas-d'Hérault
72,Impasse de Font Alinière,34230,Usclas-d'Hérault
1,Rue des Laurès,34230,Usclas-d'Hérault
1,Rue du Négadis,34230,Usclas-d'Hérault
2,Rue du Négadis,34230,Usclas-d'Hérault
2 bis,Rue du Négadis,34230,Usclas-d'Hérault
3,Rue du Négadis,34230,Usclas-d'Hérault
5,Rue du Négadis,34230,Usclas-d'Hérault
110,Chemin des Négadis,34230,Usclas-d'Hérault
112,Chemin des Négadis,34230,Usclas-d'Hérault
115,Chemin des Négadis,34230,Usclas-d'Hérault
118,Chemin des Négadis,34230,Usclas-d'Hérault
122,Chemin des Négadis,34230,Usclas-d'Hérault
124,Chemin des Négadis,34230,Usclas-d'Hérault
131,Chemin des Négadis,34230,Usclas-d'Hérault
131 bis,Chemin des Négadis,34230,Usclas-d'Hérault
206,Chemin des Négadis,34230,Usclas-d'Hérault
216,Chemin des Négadis,34230,Usclas-d'Hérault
36,Chemin des Négadis,34230,Usclas-d'Hérault
368,Chemin des Négadis,34230,Usclas-d'Hérault
38,Chemin des Négadis,34230,Usclas-d'Hérault
40,Chemin des Négadis,34230,Usclas-d'Hérault
47,Chemin des Négadis,34230,Usclas-d'Hérault
52,Chemin des Négadis,34230,Usclas-d'Hérault
58,Chemin des Négadis,34230,Usclas-d'Hérault
64,Chemin des Négadis,34230,Usclas-d'Hérault
67,Chemin des Négadis,34230,Usclas-d'Hérault
68,Chemin des Négadis,34230,Usclas-d'Hérault
70,Chemin des Négadis,34230,Usclas-d'Hérault
1,Rue de la Révolution,34230,Usclas-d'Hérault
11,Rue de la Révolution,34230,Usclas-d'Hérault
13,Rue de la Révolution,34230,Usclas-d'Hérault
15,Rue de la Révolution,34230,Usclas-d'Hérault
15 bis,Rue de la Révolution,34230,Usclas-d'Hérault
17,Rue de la Révolution,34230,Usclas-d'Hérault
19,Rue de la Révolution,34230,Usclas-d'Hérault
2,Rue de la Révolution,34230,Usclas-d'Hérault
21,Rue de la Révolution,34230,Usclas-d'Hérault
21 bis,Rue de la Révolution,34230,Usclas-d'Hérault
23,Rue de la Révolution,34230,Usclas-d'Hérault
25,Rue de la Révolution,34230,Usclas-d'Hérault
3,Rue de la Révolution,34230,Usclas-d'Hérault
4,Rue de la Révolution,34230,Usclas-d'Hérault
5,Rue de la Révolution,34230,Usclas-d'Hérault
6,Rue de la Révolution,34230,Usclas-d'Hérault
7,Rue de la Révolution,34230,Usclas-d'Hérault
9,Rue de la Révolution,34230,Usclas-d'Hérault
2,Impasse du Tambourin,34230,Usclas-d'Hérault
4,Impasse du Tambourin,34230,Usclas-d'Hérault
1,Plan de la Ville,34230,Usclas-d'Hérault
2,Plan de la Ville,34230,Usclas-d'Hérault
3,Plan de la Ville,34230,Usclas-d'Hérault
4,Plan de la Ville,34230,Usclas-d'Hérault
5,Plan de la Ville,34230,Usclas-d'Hérault
6,Plan de la Ville,34230,Usclas-d'Hérault
8,Plan de la Ville,34230,Usclas-d'Hérault
67,Impasse des Bleuets,34230,Usclas-d'Hérault
71,Impasse des Bleuets,34230,Usclas-d'Hérault
79,Impasse des Bleuets,34230,Usclas-d'Hérault
14,Rue des Coquelicots,34230,Usclas-d'Hérault
15,Rue des Coquelicots,34230,Usclas-d'Hérault
40,Rue des Coquelicots,34230,Usclas-d'Hérault
41,Rue des Coquelicots,34230,Usclas-d'Hérault
64,Rue des Coquelicots,34230,Usclas-d'Hérault
65,Rue des Coquelicots,34230,Usclas-d'Hérault
81,Rue des Coquelicots,34230,Usclas-d'Hérault
90,Rue des Coquelicots,34230,Usclas-d'Hérault
103,Rue du Petit Bourret,34230,Usclas-d'Hérault
114,Rue du Petit Bourret,34230,Usclas-d'Hérault
143,Rue du Petit Bourret,34230,Usclas-d'Hérault
153,Rue du Petit Bourret,34230,Usclas-d'Hérault
168,Rue du Petit Bourret,34230,Usclas-d'Hérault
18,Rue du Petit Bourret,34230,Usclas-d'Hérault
186,Rue du Petit Bourret,34230,Usclas-d'Hérault
201,Rue du Petit Bourret,34230,Usclas-d'Hérault
204,Rue du Petit Bourret,34230,Usclas-d'Hérault
28,Rue du Petit Bourret,34230,Usclas-d'Hérault
33,Rue du Petit Bourret,34230,Usclas-d'Hérault
44,Rue du Petit Bourret,34230,Usclas-d'Hérault
95,Rue du Petit Bourret,34230,Usclas-d'Hérault
24,Rue des Moulières Hautes,34230,Usclas-d'Hérault
32,Rue des Moulières Hautes,34230,Usclas-d'Hérault
46,Rue des Moulières Hautes,34230,Usclas-d'Hérault
72,Rue des Moulières Hautes,34230,Usclas-d'Hérault
81,Rue des Moulières Hautes,34230,Usclas-d'Hérault
1,Allée des Oliviers,34230,Usclas-d'Hérault
141,Allée des Oliviers,34230,Usclas-d'Hérault
157,Allée des Oliviers,34230,Usclas-d'Hérault
165,Allée des Oliviers,34230,Usclas-d'Hérault
169,Allée des Oliviers,34230,Usclas-d'Hérault
33,Allée des Oliviers,34230,Usclas-d'Hérault
55,Allée des Oliviers,34230,Usclas-d'Hérault
75,Allée des Oliviers,34230,Usclas-d'Hérault
2,Chemin du Château d’Eau,34230,Usclas-d'Hérault
4,Chemin du Château d’Eau,34230,Usclas-d'Hérault
2,Rue des Aires Prolongee,34230,Usclas-d'Hérault
4,Rue des Aires Prolongee,34230,Usclas-d'Hérault
5,Rue des Aires Prolongee,34230,Usclas-d'Hérault